{"accuracy": 0.7821149751596878, "f1_score": 0.39447731755424065, "training_time_sec": 3.481416702270508}