{"test_auc": 0.836627140974967, "training_time_sec": 23.022838592529297}